step	t	min_theta_e_prime
100	3.2792314888109590e+00	-6.6072955746676598e-06
200	6.5913696599760403e+00	-3.5768049713169603e-05
300	9.9029703927969752e+00	-5.4094802067083947e-05
400	1.3214098384736218e+01	-5.7815354580270650e-05
500	1.6524879220024271e+01	-6.9556703408579779e-05
600	1.9835292920019800e+01	-8.6003340754814417e-05
700	2.3145334625818272e+01	-1.0592161697786651e-04
800	2.6455004196725422e+01	-1.2893476832687156e-04
900	2.9764302508300208e+01	-1.5483822193118613e-04
1000	3.3073230697713903e+01	-1.8347786010508571e-04
1100	3.6381789911291882e+01	-2.1469426559406202e-04
1200	3.9689981407802051e+01	-2.5556257895686940e-04
1300	4.2997806624010394e+01	-3.1383588179778599e-04
1400	4.6305267094394267e+01	-3.7509934344370777e-04
1500	4.9612364511181219e+01	-4.3900425129095311e-04
1600	5.2919100684314586e+01	-5.0519043554686505e-04
1700	5.6225476678843492e+01	-5.7018979509848577e-04
1800	5.9531502094014130e+01	-6.3107386023375511e-04
1900	6.2837199081597305e+01	-7.0129465689205972e-04
2000	6.6142542453112711e+01	-7.7771016566430262e-04
2100	6.9447503569613701e+01	-8.5527779708627349e-04
2200	7.2752123073131330e+01	-9.3557596755999839e-04
2300	7.6056415974265477e+01	-1.0074023984429914e-03
2400	7.9360363838932628e+01	-1.0760408421219836e-03
2500	8.2663954124930271e+01	-1.1457363515319230e-03
2600	8.5967096071023619e+01	-1.2117556437942767e-03
2700	8.9269824266923038e+01	-1.2755582055206105e-03
2800	9.2572381187132649e+01	-1.3447649828890462e-03
2900	9.5874815040965856e+01	-1.4420557424159597e-03
3000	9.9176906612194699e+01	-1.5757197125481071e-03
3100	1.0247852662833590e+02	-1.6980721649701991e-03
3200	1.0577979641189228e+02	-1.8149979985651044e-03
3300	1.0908077122855107e+02	-1.9284174436506873e-03
3400	1.1238143833358343e+02	-2.0369565269220402e-03
3500	1.1568179731671529e+02	-2.1400781935199120e-03
3600	1.1898185135003169e+02	-2.2374754401539576e-03
3700	1.2228160664707704e+02	-2.3266559335297643e-03
3800	1.2558106566611758e+02	-2.4074995096725615e-03
3900	1.2888022558477419e+02	-2.4879828415009797e-03
4000	1.3217908543426250e+02	-2.5645977984822821e-03
4100	1.3547765432657280e+02	-2.7163656195057229e-03
4200	1.3877588893759923e+02	-2.8579379407460692e-03
4300	1.4207373250090444e+02	-2.9796857978681146e-03
4400	1.4537139727325732e+02	-3.0983780766291602e-03
4500	1.4866901006735890e+02	-3.2155029622344955e-03
4600	1.5196641647086147e+02	-3.3246982491732524e-03
4700	1.5526343774462563e+02	-3.4154347710568800e-03
4800	1.5856012268041661e+02	-3.4891284045102111e-03
4900	1.6185657105853690e+02	-3.5546120200820042e-03
5000	1.6515277931109449e+02	-3.6116257491585202e-03
5100	1.6844874442903298e+02	-3.7069155362132733e-03
5200	1.7174447136187098e+02	-3.8263569826995081e-03
5300	1.7503995828249472e+02	-3.9312135656359715e-03
5400	1.7833514991312603e+02	-4.0198814324980958e-03
5500	1.8163005632040534e+02	-4.0926487030219505e-03
5600	1.8492484409062237e+02	-4.1551759333060545e-03
5700	1.8821957287057302e+02	-4.2074968482097574e-03
5800	1.9151408314320113e+02	-4.2450457826817001e-03
5900	1.9480826130451555e+02	-4.2691914879924298e-03
6000	1.9810218085814759e+02	-4.2801777106546979e-03
6100	2.0139585479867921e+02	-4.2782453419931699e-03
6200	2.0468935824697195e+02	-4.2800933141506903e-03
6300	2.0798278032641744e+02	-4.3208297631167625e-03
6400	2.1127607129364006e+02	-4.3470466088137982e-03
6500	2.1456917146850412e+02	-4.3581264783938423e-03
6600	2.1786204757848336e+02	-4.3490155375138784e-03
6700	2.2115474309361173e+02	-4.3251837314528530e-03
6800	2.2444727787835694e+02	-4.2900129607801318e-03
6900	2.2773960434633463e+02	-4.2422770933967513e-03
7000	2.3103163966989683e+02	-4.2071640493190898e-03
7100	2.3432355795033146e+02	-4.3522101475446107e-03
7200	2.3761556887918763e+02	-4.6344871410610722e-03
7300	2.4090756149671000e+02	-4.9174064035355514e-03
7400	2.4419929562960823e+02	-5.1689663602587643e-03
7500	2.4749076142696410e+02	-5.3892243302584575e-03
7600	2.5078210400244890e+02	-5.5870238260240512e-03
7700	2.5407334519971400e+02	-5.7623627876068895e-03
7800	2.5736445705834922e+02	-5.9724879928353403e-03
7900	2.6065543552506472e+02	-6.2743227941837176e-03
8000	2.6394626359142308e+02	-6.5451206781972360e-03
8100	2.6723698369899120e+02	-6.7946379988939043e-03
8200	2.7052762297982872e+02	-7.0243756354670950e-03
8300	2.7381813544740584e+02	-7.2243134430891587e-03
8400	2.7710862650575382e+02	-7.4052225850209652e-03
8500	2.8039914375936115e+02	-7.5637502487779784e-03
8600	2.8368956245182909e+02	-7.7679766419578300e-03
8700	2.8697971415673499e+02	-8.0202204958936818e-03
8800	2.9026971872012945e+02	-8.2458882577611803e-03
8900	2.9355980177484594e+02	-8.4545784237661792e-03
9000	2.9684993394806139e+02	-8.6434695071488932e-03
9100	3.0013997411281332e+02	-8.8070491122493877e-03
9200	3.0342984573865482e+02	-8.9418276151036480e-03
9300	3.0671962842743295e+02	-9.0546041249126574e-03
9400	3.1000936542293249e+02	-9.1497031280027841e-03
9500	3.1329905612520537e+02	-9.2275579806937458e-03
9600	3.1658870006354834e+02	-9.2891794947718154e-03
9700	3.1987822434115935e+02	-9.3330838780616432e-03
9800	3.2316758719207968e+02	-9.4452444672583624e-03
9900	3.2645698180711906e+02	-9.5394456448616438e-03
10000	3.2974655282724433e+02	-9.6198659725814650e-03
10100	3.3303618762813500e+02	-9.6880936474121881e-03
10200	3.3632567486640875e+02	-9.7328491409029994e-03
10300	3.3961504197518974e+02	-9.7559330523608878e-03
10400	3.4290439975304724e+02	-9.7630579102769843e-03
10500	3.4619368268965064e+02	-9.7500878367213772e-03
10600	3.4948291951162332e+02	-9.7246727085575912e-03
10700	3.5277223589080597e+02	-9.6938866066693663e-03
10800	3.5606161059040096e+02	-9.6555258364219299e-03
10900	3.5935098509750077e+02	-9.6082366745804393e-03
11000	3.6264025276709452e+02	-9.5492377831760678e-03
11100	3.6592942487848080e+02	-9.4797624666398406e-03
11200	3.6921864281026473e+02	-9.4071950547913730e-03
11300	3.7250796186697414e+02	-9.3337723421313967e-03
11400	3.7579723880132059e+02	-9.2559701998879973e-03
11500	3.7908643408023084e+02	-9.1865680888645329e-03
11600	3.8237573063661853e+02	-9.1806037968353849e-03
11700	3.8566516333268106e+02	-9.2715201884061571e-03
11800	3.8895458717843786e+02	-9.4477866441025071e-03
11900	3.9224388491021250e+02	-9.5974025396117213e-03
12000	3.9553314958506468e+02	-9.7293075807556306e-03
12100	3.9882247481556220e+02	-9.8511524265063599e-03
12200	4.0211184560837916e+02	-9.9563656050918325e-03
12300	4.0540124335810611e+02	-1.0044773859647194e-02
12400	4.0869061595379492e+02	-1.0112496001625004e-02
12500	4.1197995079320168e+02	-1.0165267370098263e-02
12600	4.1526930404060982e+02	-1.0210153031266600e-02
12700	4.1855881781820142e+02	-1.0249802822443144e-02
12800	4.2184857465837962e+02	-1.0399675047608525e-02
12900	4.2513836852365068e+02	-1.0667434038168722e-02
13000	4.2842803277506931e+02	-1.0926847094310688e-02
13100	4.3171758048162019e+02	-1.1183447796327073e-02
13200	4.3500710569473665e+02	-1.1439141499579364e-02
13300	4.3829676688524302e+02	-1.1699114320379067e-02
13400	4.4158659631460989e+02	-1.1966619493875896e-02
13500	4.4487652074695870e+02	-1.2235983736900380e-02
13600	4.4816642890270020e+02	-1.2500570958707158e-02
13700	4.5145628608602595e+02	-1.2759194630689308e-02
13800	4.5474614689332640e+02	-1.3016576121174239e-02
13900	4.5803601177629940e+02	-1.3273138182626099e-02
14000	4.6132594380009294e+02	-1.3535056616888141e-02
14100	4.6461597360684198e+02	-1.3803751114949137e-02
14200	4.6790604259759152e+02	-1.4069047954649250e-02
14300	4.7119618738274892e+02	-1.4329214669373869e-02
14400	4.7448650668708206e+02	-1.4589786238445868e-02
14500	4.7777696178052611e+02	-1.4856751489219278e-02
14600	4.8106741239121095e+02	-1.5121095766517101e-02
14700	4.8435781313825987e+02	-1.5381203793708664e-02
14800	4.8764821628522634e+02	-1.5636405229713546e-02
14900	4.9093863092694733e+02	-1.5888079628155083e-02
15000	4.9422906834627634e+02	-1.6138911993039073e-02
15100	4.9751963252764085e+02	-1.6393014706693521e-02
15200	5.0081032096866323e+02	-1.6652035340030125e-02
15300	5.0410103475865390e+02	-1.6910510494369646e-02
15400	5.0739172844582026e+02	-1.7162320658769659e-02
15500	5.1068249949653267e+02	-1.7410849283464813e-02
15600	5.1397350282575178e+02	-1.7665602418276194e-02
15700	5.1726462599700221e+02	-1.7920962062248691e-02
15800	5.2055562088950899e+02	-1.8166276472697973e-02
15900	5.2384649599613761e+02	-1.8405676418581152e-02
16000	5.2713750762730217e+02	-1.8653693872124677e-02
16100	5.3042872864961043e+02	-1.8910023982471102e-02
16200	5.3372006319457989e+02	-1.9164088542993341e-02
16300	5.3701142758367212e+02	-1.9409914974289677e-02
16400	5.4030277760363367e+02	-1.9650764312416413e-02
16500	5.4359418095196463e+02	-1.9892118942664183e-02
16600	5.4688565411904904e+02	-2.0136634110940577e-02
16700	5.5017712192567012e+02	-2.0375535216203389e-02
16800	5.5346856517057427e+02	-2.0605507382072119e-02
16900	5.5676008789100945e+02	-2.0837230405845730e-02
17000	5.6005180664140994e+02	-2.1075340475817939e-02
17100	5.6334371196416430e+02	-2.1317667792686734e-02
17200	5.6663576822201662e+02	-2.1561724965295070e-02
17300	5.6992781822917743e+02	-2.1800333348835466e-02
17400	5.7321977996779174e+02	-2.2029869395623791e-02
17500	5.7651168065682316e+02	-2.2257012734257842e-02
17600	5.7980357265681266e+02	-2.2481463475003238e-02
17700	5.8309558515097308e+02	-2.2703603939589811e-02
17800	5.8638776329502855e+02	-2.2929604961177574e-02
17900	5.8968004087022541e+02	-2.3814309666761346e-02
18000	5.9297237506793601e+02	-2.4699400675217476e-02
18100	5.9626461563438238e+02	-2.5469282191750153e-02
18200	5.9955681671837749e+02	-2.6432255728082055e-02
18300	6.0284920939860172e+02	-2.7688574293165402e-02
18400	6.0614183603427159e+02	-2.8706224949701209e-02
18500	6.0943452727285330e+02	-2.9543615248485366e-02
18600	6.1272710386917856e+02	-3.0239026864421703e-02
18700	6.1601963700441513e+02	-3.1181995505164650e-02
18800	6.1931232158239459e+02	-3.2198088813061077e-02
18900	6.2260519516130955e+02	-3.3337214129687709e-02
19000	6.2589813606440146e+02	-3.4100525256235414e-02
19100	6.2919103931684333e+02	-3.4608875658591387e-02
19200	6.3248386944509230e+02	-3.5480448376404183e-02
19300	6.3577668735131351e+02	-3.6517254362536278e-02
19400	6.3906950531370160e+02	-3.7629122891189581e-02
19500	6.4236238725845283e+02	-3.8066588314848104e-02
19600	6.4565537060620909e+02	-3.8043394154044563e-02
19700	6.4894844505722540e+02	-3.9434158513813600e-02
19800	6.5224166759223158e+02	-4.0617833436158435e-02
19900	6.5553497880098621e+02	-4.1299766447025377e-02
20000	6.5882830695852067e+02	-4.1563324087007913e-02
20100	6.6212160741885771e+02	-4.2054169572509181e-02
20200	6.6541483460311895e+02	-4.3033217550487279e-02
20300	6.6870800429955432e+02	-4.4172953310976482e-02
20400	6.7200126094829420e+02	-4.4622290925303787e-02
20500	6.7529466224484963e+02	-4.4925152939867985e-02
20600	6.7858814710329330e+02	-4.4499799927734784e-02
20700	6.8188169008026455e+02	-4.6194895472126518e-02
20800	6.8517519692729229e+02	-4.7050050861287218e-02
20900	6.8846860716335425e+02	-4.7345297790968743e-02
21000	6.9176203648706178e+02	-4.7432480449344894e-02
21100	6.9505554407989348e+02	-4.7494222849934431e-02
21200	6.9834910183496947e+02	-4.9103089221262053e-02
21300	7.0164269667061365e+02	-4.9616748841742719e-02
21400	7.0493635310421689e+02	-4.9900106520283316e-02
21500	7.0823008074775646e+02	-4.9352444304474830e-02
21600	7.1152388499435790e+02	-4.9741597006800475e-02
21700	7.1481773320477919e+02	-5.1550041155678628e-02
21800	7.1811148311211264e+02	-5.1890888123864443e-02
21900	7.2140509675664100e+02	-5.1678185798323284e-02
22000	7.2469864505080238e+02	-5.1569225766002091e-02
22100	7.2799225058152672e+02	-5.2460211873494700e-02
22200	7.3128598784209589e+02	-5.3599290727106563e-02
22300	7.3457979346441084e+02	-5.3689634559702881e-02
22400	7.3787360249944004e+02	-5.2965889718620929e-02
22500	7.4116743040867425e+02	-5.2918244454986052e-02
22600	7.4446132610122038e+02	-5.4702386748658682e-02
22700	7.4775531169490671e+02	-5.5286319803485640e-02
22800	7.5104935070096485e+02	-5.5013819478745063e-02
22900	7.5434331451169442e+02	-5.4682229670845572e-02
23000	7.5763710645522519e+02	-6.1507718721600213e-02
23100	7.6093084973155123e+02	-6.7133757492854329e-02
23200	7.6422471199162146e+02	-7.3034688763698341e-02
23300	7.6751870647241640e+02	-7.7555901079222167e-02
23400	7.7081278120823822e+02	-8.4759693939702174e-02
23500	7.7410686032377544e+02	-9.2100079896113130e-02
23600	7.7740081505088290e+02	-9.7566180203102704e-02
23700	7.8069460068706803e+02	-1.0251003950253335e-01
23800	7.8398834345555360e+02	-1.1043043133145147e-01
23900	7.8728220876796627e+02	-1.1525968701880629e-01
24000	7.9057620086991847e+02	-1.1938854355457806e-01
24100	7.9387028197267375e+02	-1.2820808719050092e-01
24200	7.9716448025464899e+02	-1.3093929471671117e-01
24300	8.0045870884131466e+02	-1.3414377393763743e-01
24400	8.0375285204260183e+02	-1.4482483100931631e-01
24500	8.0704692284847420e+02	-1.4482347227539094e-01
24600	8.1034095044215780e+02	-1.4903905594002254e-01
24700	8.1363488711675870e+02	-1.6016745010557543e-01
24800	8.1692885477842151e+02	-1.5886592008763500e-01
24900	8.2022291461347754e+02	-1.6509575982661318e-01
25000	8.2351700278702469e+02	-1.7404193676236446e-01
25100	8.2681111543289774e+02	-1.7299484490609984e-01
25200	8.3010520963922602e+02	-1.7872811517639775e-01
25300	8.3339930706790813e+02	-1.8584317109502990e-01
25400	8.3669348938285805e+02	-1.8597893279797972e-01
25500	8.3998773544584333e+02	-1.9149694566931430e-01
25600	8.4328192275074571e+02	-1.9700445472545880e-01
25700	8.4657602500612302e+02	-1.9748754363223497e-01
25800	8.4987011666367653e+02	-2.0291979688676065e-01
25900	8.5316426423004270e+02	-2.0656515083214799e-01
26000	8.5645848526667839e+02	-2.0616970409474789e-01
26100	8.5975277669419961e+02	-2.1195175374600694e-01
26200	8.6304708078177919e+02	-2.1453042405545375e-01
26300	8.6634128264360004e+02	-2.1487417741712989e-01
26400	8.6963533431575149e+02	-2.1786384760804367e-01
26500	8.7292933705455334e+02	-2.2252591202118310e-01
26600	8.7622345173677832e+02	-2.2151925066725653e-01
26700	8.7951769939144788e+02	-2.2227371918177141e-01
26800	8.8281203260795724e+02	-2.2864181531519989e-01
26900	8.8610641818777515e+02	-2.2794031848400209e-01
27000	8.8940085827784674e+02	-2.2469847577201563e-01
27100	8.9269527338626392e+02	-2.3300827020023007e-01
27200	8.9598960164907908e+02	-2.3367105299814739e-01
27300	8.9928386160095613e+02	-2.3278749474854976e-01
27400	9.0257802804451194e+02	-2.3737860772007480e-01
27500	9.0587216772358602e+02	-2.3712618135328967e-01
27600	9.0916640681383149e+02	-2.3972022641373769e-01
27700	9.1246074933610703e+02	-2.3812369091967867e-01
27800	9.1575515433173121e+02	-2.4117823876781586e-01
27900	9.1904952838963993e+02	-2.4199347769695123e-01
28000	9.2234380400805708e+02	-2.3866826139476416e-01
28100	9.2563803131284283e+02	-2.4597182246185412e-01
28200	9.2893232420918207e+02	-2.4397072747740367e-01
28300	9.3222671721111089e+02	-2.4379654451672650e-01
28400	9.3552114586873040e+02	-2.4725246514515220e-01
28500	9.3881560225464000e+02	-2.4689058242483952e-01
28600	9.4211009619704396e+02	-2.4704497475994458e-01
28700	9.4540460844578945e+02	-2.4692476115143336e-01
28800	9.4869908967246147e+02	-2.4895017156808308e-01
28900	9.5199351063372058e+02	-2.5267855724035826e-01
29000	9.5528789113359539e+02	-2.4583504545154256e-01
29100	9.5858220755719447e+02	-2.5078715200714896e-01
29200	9.6187648635541484e+02	-2.5015589266098459e-01
29300	9.6517077757671530e+02	-2.4950346797925249e-01
29400	9.6846513781958413e+02	-2.5510643290397184e-01
29500	9.7175961283731726e+02	-2.4891992309278521e-01
29600	9.7505417269212751e+02	-2.5479999440153733e-01
29700	9.7834880984577546e+02	-2.5395410769510818e-01
29800	9.8164345378502446e+02	-2.5329258952541522e-01
29900	9.8493801210195818e+02	-2.5581289525382545e-01
30000	9.8823241560985582e+02	-2.4982956105174026e-01
30100	9.9152673983915906e+02	-2.5789499593713572e-01
30200	9.9482115180982805e+02	-2.5843324120774014e-01
30300	9.9811565886838162e+02	-2.5114170840811312e-01
final	1.0000265003480007e+03	-2.5835913667253863e-01
